Label,Proba
1.000000,0.966512
0.000000,0.127388
0.000000,0.461417
0.000000,0.393921
1.000000,0.846941
1.000000,0.975064
1.000000,0.324377
1.000000,0.923545
0.000000,0.641378
1.000000,0.302423
0.000000,0.066757
1.000000,0.832167
0.000000,0.263425
0.000000,0.246720
1.000000,0.948836
0.000000,0.179392
0.000000,0.228425
0.000000,0.018881
1.000000,0.669295
0.000000,0.091230
0.000000,0.316165
1.000000,0.873618
1.000000,0.331254
1.000000,0.985766
1.000000,0.186999
0.000000,0.558264
1.000000,0.568984
0.000000,0.170234
0.000000,0.051921
1.000000,0.967511
0.000000,0.589095
1.000000,0.989948
0.000000,0.798306
0.000000,0.314687
1.000000,0.974609
1.000000,0.959958
1.000000,0.983100
1.000000,0.129934
0.000000,0.616058
0.000000,0.423484
0.000000,0.179317
1.000000,0.382661
1.000000,0.568016
0.000000,0.564813
1.000000,0.532144
1.000000,0.971338
1.000000,0.760243
0.000000,0.063332
1.000000,0.464933
0.000000,0.836120
0.000000,0.448795
1.000000,0.962597
0.000000,0.154984
0.000000,0.038661
1.000000,0.922362
0.000000,0.029175
0.000000,0.085732
1.000000,0.505196
1.000000,0.646382
1.000000,0.479092
1.000000,0.982632
1.000000,0.821805
1.000000,0.428515
0.000000,0.190709
1.000000,0.437131
1.000000,0.865159
1.000000,0.219277
1.000000,0.762434
0.000000,0.307356
1.000000,0.682857
1.000000,0.464266
1.000000,0.980745
1.000000,0.847054
1.000000,0.312854
1.000000,0.264505
1.000000,0.902735
1.000000,0.797825
1.000000,0.881384
0.000000,0.322105
0.000000,0.186117
0.000000,0.019556
1.000000,0.611395
0.000000,0.169054
1.000000,0.893419
0.000000,0.239325
0.000000,0.057291
1.000000,0.654970
0.000000,0.069382
0.000000,0.681852
1.000000,0.824050
0.000000,0.180711
1.000000,0.452989
1.000000,0.161107
1.000000,0.974870
1.000000,0.940126
1.000000,0.324678
1.000000,0.488585
0.000000,0.002798
1.000000,0.766117
1.000000,0.851435
0.000000,0.080400
0.000000,0.232833
0.000000,0.793829
1.000000,0.511362
1.000000,0.835686
0.000000,0.398204
0.000000,0.282712
0.000000,0.057040
0.000000,0.744461
0.000000,0.197495
1.000000,0.075319
1.000000,0.985903
0.000000,0.270042
1.000000,0.478484
1.000000,0.981594
0.000000,0.665316
1.000000,0.964509
0.000000,0.967966
1.000000,0.873074
0.000000,0.851368
1.000000,0.929226
1.000000,0.344364
0.000000,0.040233
1.000000,0.657183
0.000000,0.257997
0.000000,0.586367
0.000000,0.264887
1.000000,0.179042
1.000000,0.844075
1.000000,0.782888
1.000000,0.613004
0.000000,0.109376
1.000000,0.113050
1.000000,0.331462
1.000000,0.984914
0.000000,0.163794
1.000000,0.436408
1.000000,0.992477
1.000000,0.490907
0.000000,0.240489
0.000000,0.211636
0.000000,0.400604
0.000000,0.531914
1.000000,0.947792
1.000000,0.762577
1.000000,0.827147
0.000000,0.085046
0.000000,0.241149
0.000000,0.603954
0.000000,0.144939
0.000000,0.108622
0.000000,0.880187
0.000000,0.824264
0.000000,0.271273
0.000000,0.131049
1.000000,0.905704
0.000000,0.817929
0.000000,0.255455
0.000000,0.157017
1.000000,0.837753
0.000000,0.262675
1.000000,0.372830
1.000000,0.963214
0.000000,0.179472
0.000000,0.241116
0.000000,0.370978
1.000000,0.207653
0.000000,0.143753
0.000000,0.087431
1.000000,0.087740
1.000000,0.466793
1.000000,0.572621
0.000000,0.098585
0.000000,0.931840
1.000000,0.977627
1.000000,0.174304
1.000000,0.063092
0.000000,0.088906
0.000000,0.762636
0.000000,0.072227
1.000000,0.481101
1.000000,0.126373
0.000000,0.208238
1.000000,0.695956
1.000000,0.772955
1.000000,0.207098
1.000000,0.495439
0.000000,0.572453
0.000000,0.643350
1.000000,0.868324
1.000000,0.754482
0.000000,0.229638
0.000000,0.111660
1.000000,0.835049
1.000000,0.956315
1.000000,0.083678
0.000000,0.286884
1.000000,0.521915
0.000000,0.140660
1.000000,0.559016
0.000000,0.212411
0.000000,0.572453
0.000000,0.661111
0.000000,0.207724
1.000000,0.684186
1.000000,0.468847
0.000000,0.198127
0.000000,0.478998
1.000000,0.417264
0.000000,0.122823
1.000000,0.400731
1.000000,0.360956
0.000000,0.300641
0.000000,0.176901
0.000000,0.067237
0.000000,0.134616
1.000000,0.888131
0.000000,0.080859
0.000000,0.466027
0.000000,0.494633
0.000000,0.279587
1.000000,0.729851
1.000000,0.932273
1.000000,0.846392
1.000000,0.967702
1.000000,0.989448
0.000000,0.241223
0.000000,0.929114
1.000000,0.945218
0.000000,0.435818
1.000000,0.983009
0.000000,0.072646
1.000000,0.890423
1.000000,0.355948
1.000000,0.964344
1.000000,0.845014
0.000000,0.133247
1.000000,0.761054
1.000000,0.152313
1.000000,0.724780
1.000000,0.887876
1.000000,0.987053
0.000000,0.332027
0.000000,0.224580
0.000000,0.024680
1.000000,0.200357
0.000000,0.147120
1.000000,0.498363
1.000000,0.862809
0.000000,0.351961
1.000000,0.567726
0.000000,0.223652
0.000000,0.238139
1.000000,0.931413
0.000000,0.617298
1.000000,0.945972
1.000000,0.992569
1.000000,0.381491
0.000000,0.007933
0.000000,0.396080
0.000000,0.018188
0.000000,0.066694
0.000000,0.124876
1.000000,0.930948
0.000000,0.450899
0.000000,0.092987
1.000000,0.983942
0.000000,0.856180
1.000000,0.558064
0.000000,0.031212
1.000000,0.910338
0.000000,0.059252
0.000000,0.622051
0.000000,0.447340
1.000000,0.157558
0.000000,0.814930
1.000000,0.498248
1.000000,0.077816
1.000000,0.850134
1.000000,0.555785
1.000000,0.341588
1.000000,0.397925
1.000000,0.737876
1.000000,0.690330
0.000000,0.181023
1.000000,0.473917
1.000000,0.942966
1.000000,0.329479
1.000000,0.727869
0.000000,0.249700
1.000000,0.568852
1.000000,0.890108
1.000000,0.143939
0.000000,0.662995
1.000000,0.993208
0.000000,0.619021
0.000000,0.371023
1.000000,0.415650
1.000000,0.821864
0.000000,0.619811
1.000000,0.028733
1.000000,0.130438
0.000000,0.924397
0.000000,0.127732
1.000000,0.812606
0.000000,0.229977
1.000000,0.925011
1.000000,0.879683
0.000000,0.065944
1.000000,0.730252
0.000000,0.251689
1.000000,0.513370
0.000000,0.062262
0.000000,0.239325
0.000000,0.822948
1.000000,0.965753
0.000000,0.545121
0.000000,0.078372
1.000000,0.534221
1.000000,0.204803
1.000000,0.964182
0.000000,0.187346
0.000000,0.121212
1.000000,0.823172
0.000000,0.723808
1.000000,0.943072
0.000000,0.193922
0.000000,0.196538
0.000000,0.441141
1.000000,0.903401
1.000000,0.492882
0.000000,0.270961
0.000000,0.129148
1.000000,0.943081
0.000000,0.280068
0.000000,0.711436
0.000000,0.818216
0.000000,0.276536
1.000000,0.963668
0.000000,0.026140
0.000000,0.234872
0.000000,0.312123
0.000000,0.356819
0.000000,0.044734
0.000000,0.175551
1.000000,0.524002
0.000000,0.443860
0.000000,0.808660
0.000000,0.409349
0.000000,0.731663
1.000000,0.343416
1.000000,0.985737
0.000000,0.181569
1.000000,0.975258
0.000000,0.305215
1.000000,0.767803
0.000000,0.286729
0.000000,0.123108
1.000000,0.959831
0.000000,0.009846
1.000000,0.270265
0.000000,0.338239
1.000000,0.927450
0.000000,0.051962
1.000000,0.829345
0.000000,0.399292
1.000000,0.825489
1.000000,0.349152
0.000000,0.193664
0.000000,0.130520
1.000000,0.363787
1.000000,0.696545
0.000000,0.723326
0.000000,0.720104
1.000000,0.418176
1.000000,0.964368
1.000000,0.880101
0.000000,0.253754
0.000000,0.665316
0.000000,0.780169
1.000000,0.830145
0.000000,0.308746
0.000000,0.210182
1.000000,0.892690
0.000000,0.102008
1.000000,0.866030
1.000000,0.983982
1.000000,0.486829
0.000000,0.052945
1.000000,0.138927
0.000000,0.518416
1.000000,0.760947
0.000000,0.141246
0.000000,0.486357
0.000000,0.106615
1.000000,0.958852
0.000000,0.051242
1.000000,0.670494
1.000000,0.910646
1.000000,0.602597
0.000000,0.491275
0.000000,0.744856
0.000000,0.187072
0.000000,0.028071
1.000000,0.226290
1.000000,0.637812
0.000000,0.071297
0.000000,0.789089
1.000000,0.887517
1.000000,0.154388
1.000000,0.652827
1.000000,0.475531
1.000000,0.662412
1.000000,0.692417
0.000000,0.412780
1.000000,0.920523
0.000000,0.412615
0.000000,0.744907
0.000000,0.232284
0.000000,0.623719
1.000000,0.961125
0.000000,0.382537
0.000000,0.105568
1.000000,0.807733
0.000000,0.015914
0.000000,0.509607
1.000000,0.986045
0.000000,0.446356
1.000000,0.972729
1.000000,0.974522
0.000000,0.188695
0.000000,0.664546
1.000000,0.301335
1.000000,0.890330
1.000000,0.955006
1.000000,0.073394
1.000000,0.703317
0.000000,0.545735
1.000000,0.840792
1.000000,0.418330
1.000000,0.978901
1.000000,0.544769
1.000000,0.267918
1.000000,0.955189
0.000000,0.285248
0.000000,0.645935
0.000000,0.167494
0.000000,0.501149
0.000000,0.155382
0.000000,0.219407
0.000000,0.892017
0.000000,0.118643
1.000000,0.280074
1.000000,0.820663
1.000000,0.770655
0.000000,0.341320
0.000000,0.225731
0.000000,0.295819
1.000000,0.791000
0.000000,0.106510
0.000000,0.009772
1.000000,0.177049
1.000000,0.991864
0.000000,0.852641
1.000000,0.857537
1.000000,0.892079
0.000000,0.613209
1.000000,0.325757
1.000000,0.640427
0.000000,0.305215
0.000000,0.345829
1.000000,0.920380
0.000000,0.493763
0.000000,0.407535
1.000000,0.953103
1.000000,0.667557
0.000000,0.384866
0.000000,0.040462
0.000000,0.512095
1.000000,0.944927
0.000000,0.299433
1.000000,0.939590
0.000000,0.029826
1.000000,0.904666
1.000000,0.954402
0.000000,0.410382
0.000000,0.374349
1.000000,0.871484
0.000000,0.826042
1.000000,0.978104
0.000000,0.483511
1.000000,0.964532
0.000000,0.115424
1.000000,0.141509
0.000000,0.202818
0.000000,0.906931
0.000000,0.310790
1.000000,0.447557
0.000000,0.367771
1.000000,0.415907
0.000000,0.408460
0.000000,0.241853
0.000000,0.291755
1.000000,0.655454
1.000000,0.981547
1.000000,0.086984
1.000000,0.835380
0.000000,0.715662
0.000000,0.307081
0.000000,0.172846
1.000000,0.710704
0.000000,0.135658
0.000000,0.049519
0.000000,0.111329
1.000000,0.989148
1.000000,0.349091
1.000000,0.243478
1.000000,0.800466
1.000000,0.689797
1.000000,0.953165
1.000000,0.371101
0.000000,0.322653
0.000000,0.656307
0.000000,0.468880
0.000000,0.106023
1.000000,0.439020
1.000000,0.047114
1.000000,0.939857
1.000000,0.019579
1.000000,0.350743
1.000000,0.920999
0.000000,0.923815
0.000000,0.267712
0.000000,0.301575
1.000000,0.976583
1.000000,0.828355
0.000000,0.298819
1.000000,0.581812
0.000000,0.140658
1.000000,0.918465
1.000000,0.282720
1.000000,0.450726
0.000000,0.071882
0.000000,0.742656
1.000000,0.972431
1.000000,0.304455
0.000000,0.355426
1.000000,0.339843
1.000000,0.349151
1.000000,0.437378
0.000000,0.192529
0.000000,0.189131
1.000000,0.784437
0.000000,0.734655
1.000000,0.969899
1.000000,0.828010
1.000000,0.455708
1.000000,0.907764
0.000000,0.719865
0.000000,0.257111
1.000000,0.621944
0.000000,0.037629
0.000000,0.623835
1.000000,0.988121
0.000000,0.265937
1.000000,0.800774
0.000000,0.039421
0.000000,0.883062
0.000000,0.112211
1.000000,0.966144
0.000000,0.785948
0.000000,0.358548
0.000000,0.046061
0.000000,0.305424
0.000000,0.046996
0.000000,0.713735
0.000000,0.190805
1.000000,0.971390
1.000000,0.860593
1.000000,0.497814
1.000000,0.966227
1.000000,0.778340
1.000000,0.293681
0.000000,0.258339
1.000000,0.390810
1.000000,0.253603
0.000000,0.877799
0.000000,0.206852
1.000000,0.945204
1.000000,0.735086
1.000000,0.603474
1.000000,0.290559
0.000000,0.013904
0.000000,0.846180
0.000000,0.252067
0.000000,0.213637
0.000000,0.343412
1.000000,0.867379
0.000000,0.835557
1.000000,0.536436
0.000000,0.724016
0.000000,0.051415
1.000000,0.952465
1.000000,0.316482
0.000000,0.247633
0.000000,0.457723
1.000000,0.441679
0.000000,0.180108
0.000000,0.154580
1.000000,0.406921
1.000000,0.979897
0.000000,0.268111
0.000000,0.285775
0.000000,0.444989
0.000000,0.484914
1.000000,0.330864
1.000000,0.987010
0.000000,0.118610
1.000000,0.827595
0.000000,0.370062
0.000000,0.899777
0.000000,0.387817
0.000000,0.407394
0.000000,0.153489
0.000000,0.668802
1.000000,0.846429
1.000000,0.971880
1.000000,0.753237
0.000000,0.474441
0.000000,0.184604
0.000000,0.170036
0.000000,0.021425
0.000000,0.628427
0.000000,0.275577
1.000000,0.845160
1.000000,0.579470
0.000000,0.303571
1.000000,0.620849
0.000000,0.262055
0.000000,0.901836
1.000000,0.733531
1.000000,0.648905
1.000000,0.963541
0.000000,0.332779
1.000000,0.721952
1.000000,0.682108
0.000000,0.026356
1.000000,0.509088
0.000000,0.407438
0.000000,0.504206
1.000000,0.530852
0.000000,0.208977
0.000000,0.144727
0.000000,0.803293
0.000000,0.265978
1.000000,0.948928
1.000000,0.658964
1.000000,0.351877
0.000000,0.116795
0.000000,0.058286
0.000000,0.185870
1.000000,0.204056
0.000000,0.454148
0.000000,0.157834
0.000000,0.357071
0.000000,0.390108
1.000000,0.780682
0.000000,0.111660
1.000000,0.467041
0.000000,0.145170
0.000000,0.393948
0.000000,0.300809
0.000000,0.124267
0.000000,0.512865
0.000000,0.201317
1.000000,0.967710
0.000000,0.590051
1.000000,0.928185
0.000000,0.168307
0.000000,0.379426
1.000000,0.958967
0.000000,0.115931
0.000000,0.011377
0.000000,0.580966
0.000000,0.118902
1.000000,0.507145
1.000000,0.975740
1.000000,0.974356
1.000000,0.951153
1.000000,0.509626
0.000000,0.129155
0.000000,0.164140
0.000000,0.470483
0.000000,0.284772
0.000000,0.111696
1.000000,0.920298
1.000000,0.171343
1.000000,0.766875
1.000000,0.967578
0.000000,0.035812
1.000000,0.653498
1.000000,0.670242
1.000000,0.627160
0.000000,0.235719
1.000000,0.988886
0.000000,0.234282
1.000000,0.477087
1.000000,0.464702
0.000000,0.779618
1.000000,0.523260
0.000000,0.884063
1.000000,0.397644
1.000000,0.902251
1.000000,0.954261
0.000000,0.354775
0.000000,0.045580
1.000000,0.944561
0.000000,0.030957
1.000000,0.976053
0.000000,0.034695
0.000000,0.309234
0.000000,0.344205
1.000000,0.923656
1.000000,0.776779
1.000000,0.118984
0.000000,0.366594
0.000000,0.118799
1.000000,0.979269
0.000000,0.276666
1.000000,0.632011
0.000000,0.363618
1.000000,0.823436
1.000000,0.282016
0.000000,0.178599
0.000000,0.842663
1.000000,0.623402
1.000000,0.340474
0.000000,0.133619
0.000000,0.905137
0.000000,0.000910
0.000000,0.820887
0.000000,0.057725
1.000000,0.976156
0.000000,0.235791
1.000000,0.358893
1.000000,0.879107
0.000000,0.413073
0.000000,0.449443
1.000000,0.045237
1.000000,0.988088
1.000000,0.713420
1.000000,0.968086
1.000000,0.443288
0.000000,0.216684
0.000000,0.085576
0.000000,0.399790
0.000000,0.160759
0.000000,0.338070
1.000000,0.309389
1.000000,0.976247
0.000000,0.380020
1.000000,0.965644
1.000000,0.748068
0.000000,0.145898
0.000000,0.434724
0.000000,0.477752
0.000000,0.211677
1.000000,0.987737
0.000000,0.239170
0.000000,0.317239
0.000000,0.174692
0.000000,0.454644
0.000000,0.435828
1.000000,0.975888
0.000000,0.562541
0.000000,0.508741
1.000000,0.416831
1.000000,0.987904
1.000000,0.931827
0.000000,0.083542
0.000000,0.017724
0.000000,0.682688
0.000000,0.809205
0.000000,0.881260
0.000000,0.392537
1.000000,0.928519
1.000000,0.947944
0.000000,0.372357
1.000000,0.460595
1.000000,0.841218
0.000000,0.766585
1.000000,0.910393
0.000000,0.569829
0.000000,0.644546
1.000000,0.813026
0.000000,0.244968
0.000000,0.679951
1.000000,0.383701
1.000000,0.792549
1.000000,0.453090
0.000000,0.223447
1.000000,0.211295
0.000000,0.463457
1.000000,0.315146
0.000000,0.139365
0.000000,0.146680
0.000000,0.027286
1.000000,0.781746
0.000000,0.115830
1.000000,0.167878
1.000000,0.515394
0.000000,0.360915
0.000000,0.301043
0.000000,0.474584
1.000000,0.663813
1.000000,0.161795
1.000000,0.879306
0.000000,0.968977
1.000000,0.842869
0.000000,0.100332
1.000000,0.029638
1.000000,0.493090
0.000000,0.366325
0.000000,0.235791
1.000000,0.963893
1.000000,0.515250
1.000000,0.374964
1.000000,0.404070
1.000000,0.969915
0.000000,0.020853
1.000000,0.989183
1.000000,0.813232
1.000000,0.320039
1.000000,0.192884
1.000000,0.879558
0.000000,0.009450
0.000000,0.121085
0.000000,0.476413
1.000000,0.719274
1.000000,0.972105
1.000000,0.211996
0.000000,0.456322
1.000000,0.399062
1.000000,0.511099
0.000000,0.017613
1.000000,0.598377
1.000000,0.877640
0.000000,0.221250
1.000000,0.735305
0.000000,0.634085
1.000000,0.519059
1.000000,0.714944
0.000000,0.826444
1.000000,0.798539
0.000000,0.264551
0.000000,0.930845
1.000000,0.428854
0.000000,0.154316
1.000000,0.930317
0.000000,0.134573
1.000000,0.874013
0.000000,0.058956
1.000000,0.682884
1.000000,0.348653
0.000000,0.171657
0.000000,0.049146
1.000000,0.255049
0.000000,0.230342
1.000000,0.964301
1.000000,0.241069
1.000000,0.314498
0.000000,0.154569
0.000000,0.150541
1.000000,0.948027
0.000000,0.214762
1.000000,0.922479
1.000000,0.988938
1.000000,0.099720
0.000000,0.046411
0.000000,0.208931
1.000000,0.978496
0.000000,0.259131
0.000000,0.096921
1.000000,0.977578
1.000000,0.657366
1.000000,0.697932
0.000000,0.314850
0.000000,0.141915
1.000000,0.444180
0.000000,0.117473
0.000000,0.212186
0.000000,0.161539
1.000000,0.275571
1.000000,0.892819
1.000000,0.690785
0.000000,0.296324
1.000000,0.401505
0.000000,0.080477
1.000000,0.674733
0.000000,0.250288
0.000000,0.084838
0.000000,0.940664
0.000000,0.338970
0.000000,0.711846
1.000000,0.732800
0.000000,0.877930
1.000000,0.542540
1.000000,0.934168
1.000000,0.387317
1.000000,0.874304
0.000000,0.474514
0.000000,0.279728
1.000000,0.842613
1.000000,0.769277
1.000000,0.060040
1.000000,0.229535
1.000000,0.826053
0.000000,0.247639
0.000000,0.657651
1.000000,0.879295
0.000000,0.219465
0.000000,0.171215
1.000000,0.985792
1.000000,0.857644
1.000000,0.930298
1.000000,0.213706
1.000000,0.681104
0.000000,0.143848
0.000000,0.092129
0.000000,0.571151
1.000000,0.109495
0.000000,0.083062
1.000000,0.357845
1.000000,0.814006
0.000000,0.088789
0.000000,0.453479
1.000000,0.881500
0.000000,0.304666
1.000000,0.943278
1.000000,0.434776
1.000000,0.571660
0.000000,0.227500
1.000000,0.971161
0.000000,0.694097
0.000000,0.272732
1.000000,0.465106
1.000000,0.536258
1.000000,0.923402
0.000000,0.077731
0.000000,0.485264
0.000000,0.050401
1.000000,0.576269
0.000000,0.110538
0.000000,0.823226
1.000000,0.148342
0.000000,0.455768
0.000000,0.055690
0.000000,0.227278
1.000000,0.514948
0.000000,0.372313
0.000000,0.179396
0.000000,0.845474
1.000000,0.985003
1.000000,0.079021
1.000000,0.300296
0.000000,0.285351
0.000000,0.141104
1.000000,0.913488
0.000000,0.105401
0.000000,0.372977
1.000000,0.482875
1.000000,0.874273
0.000000,0.267882
0.000000,0.167671
0.000000,0.751667
0.000000,0.056533
0.000000,0.079468
0.000000,0.258100
0.000000,0.119613
0.000000,0.121937
0.000000,0.430773
1.000000,0.985035
0.000000,0.325911
0.000000,0.244411
0.000000,0.946877
1.000000,0.302182
1.000000,0.971733
1.000000,0.316974
0.000000,0.871542
1.000000,0.970573
1.000000,0.961547
1.000000,0.934873
1.000000,0.841421
1.000000,0.934902
1.000000,0.493368
0.000000,0.085030
0.000000,0.844419
1.000000,0.491594
1.000000,0.938388
0.000000,0.149400
1.000000,0.982136
1.000000,0.416960
0.000000,0.205326
1.000000,0.234135
1.000000,0.518985
1.000000,0.770129
1.000000,0.601572
1.000000,0.827309
1.000000,0.821042
0.000000,0.466926
0.000000,0.011262
0.000000,0.277070
1.000000,0.532529
0.000000,0.267983
1.000000,0.967146
1.000000,0.559596
0.000000,0.077408
1.000000,0.981481
0.000000,0.142357
1.000000,0.336104
0.000000,0.028492
0.000000,0.216540
0.000000,0.227661
1.000000,0.760398
1.000000,0.313204
0.000000,0.179907
0.000000,0.184169
1.000000,0.948120
0.000000,0.896526
0.000000,0.134051
1.000000,0.430474
0.000000,0.655151
0.000000,0.017176
1.000000,0.889687
0.000000,0.747985
1.000000,0.710206
1.000000,0.971677
0.000000,0.138642
0.000000,0.183780
1.000000,0.837207
0.000000,0.853554
0.000000,0.074192
0.000000,0.033132
0.000000,0.139921
0.000000,0.392954
0.000000,0.103697
1.000000,0.662732
1.000000,0.606939
1.000000,0.974432
0.000000,0.825902
1.000000,0.753714
1.000000,0.243811
0.000000,0.966483
1.000000,0.869301
0.000000,0.057515
0.000000,0.083814
1.000000,0.557523
1.000000,0.700394
0.000000,0.391449
1.000000,0.931254
1.000000,0.157659
0.000000,0.131033
0.000000,0.896926
1.000000,0.373717
0.000000,0.156657
1.000000,0.697471
0.000000,0.434510
0.000000,0.347037
0.000000,0.328463
1.000000,0.847715
1.000000,0.961331
0.000000,0.290962
1.000000,0.950646
0.000000,0.181322
0.000000,0.801847
1.000000,0.400328
0.000000,0.112149
0.000000,0.198966
1.000000,0.447664
0.000000,0.170742
1.000000,0.692313
1.000000,0.986675
0.000000,0.159339
1.000000,0.933734
1.000000,0.109530
0.000000,0.290382
1.000000,0.858092
0.000000,0.091402
1.000000,0.699502
0.000000,0.147558
1.000000,0.257450
1.000000,0.155527
0.000000,0.320662
1.000000,0.809516
1.000000,0.798934
1.000000,0.975742
0.000000,0.007608
1.000000,0.948435
0.000000,0.213498
1.000000,0.592272
0.000000,0.196935
1.000000,0.500261
1.000000,0.734317
0.000000,0.009861
1.000000,0.945695
1.000000,0.558459
1.000000,0.917575
0.000000,0.038705
1.000000,0.924496
0.000000,0.363165
0.000000,0.923969
0.000000,0.689355
1.000000,0.901010
1.000000,0.381914
1.000000,0.643784
0.000000,0.401856
0.000000,0.037327
1.000000,0.288356
0.000000,0.148428
1.000000,0.283357
0.000000,0.420334
1.000000,0.442186
1.000000,0.940837
0.000000,0.084872
0.000000,0.264189
1.000000,0.193293
1.000000,0.980853
0.000000,0.774413
0.000000,0.143296
0.000000,0.214746
1.000000,0.945284
0.000000,0.290476
1.000000,0.175701
0.000000,0.062030
0.000000,0.119250
0.000000,0.324504
1.000000,0.859937
1.000000,0.275969
0.000000,0.092841
1.000000,0.366995
0.000000,0.553092
0.000000,0.437777
1.000000,0.691806
1.000000,0.795011
1.000000,0.782860
1.000000,0.890772
0.000000,0.028394
0.000000,0.768306
0.000000,0.144994
0.000000,0.102255
0.000000,0.115766
1.000000,0.345533
0.000000,0.023726
1.000000,0.989359
0.000000,0.803839
0.000000,0.050921
0.000000,0.985532
1.000000,0.209048
1.000000,0.443484
0.000000,0.213096
0.000000,0.177563
0.000000,0.248597
1.000000,0.752976
0.000000,0.562235
0.000000,0.892620
0.000000,0.674021
0.000000,0.145577
0.000000,0.301854
0.000000,0.267176
1.000000,0.034083
1.000000,0.253935
0.000000,0.411615
1.000000,0.907557
0.000000,0.378306
1.000000,0.780530
1.000000,0.701149
1.000000,0.957823
1.000000,0.945296
1.000000,0.535849
1.000000,0.971869
1.000000,0.451421
1.000000,0.301546
0.000000,0.637373
1.000000,0.474565
0.000000,0.206971
1.000000,0.970541
1.000000,0.356781
0.000000,0.776148
0.000000,0.348353
0.000000,0.042809
1.000000,0.895144
1.000000,0.946414
0.000000,0.240211
1.000000,0.445428
1.000000,0.964280
1.000000,0.240815
1.000000,0.947047
1.000000,0.979600
0.000000,0.041708
1.000000,0.941224
1.000000,0.951383
1.000000,0.839925
1.000000,0.389525
1.000000,0.963185
1.000000,0.063850
0.000000,0.246684
0.000000,0.062116
0.000000,0.064379
0.000000,0.351327
1.000000,0.539486
1.000000,0.447432
1.000000,0.394511
0.000000,0.085177
1.000000,0.718904
0.000000,0.858041
0.000000,0.596551
0.000000,0.296427
1.000000,0.858051
0.000000,0.083594
0.000000,0.337046
0.000000,0.630813
1.000000,0.099219
1.000000,0.381510
1.000000,0.259261
1.000000,0.962898
1.000000,0.737597
0.000000,0.360495
1.000000,0.616939
1.000000,0.894397
0.000000,0.620360
1.000000,0.640638
0.000000,0.248597
1.000000,0.988118
1.000000,0.156843
0.000000,0.045191
0.000000,0.200437
1.000000,0.904578
0.000000,0.964547
0.000000,0.146515
0.000000,0.850525
1.000000,0.576486
1.000000,0.904977
1.000000,0.806925
1.000000,0.935358
1.000000,0.981160
0.000000,0.115824
0.000000,0.292880
0.000000,0.223333
0.000000,0.285286
0.000000,0.723516
1.000000,0.188162
0.000000,0.016078
0.000000,0.691798
1.000000,0.897953
0.000000,0.891940
1.000000,0.548519
0.000000,0.282933
0.000000,0.236370
1.000000,0.120465
1.000000,0.634698
1.000000,0.751762
1.000000,0.578783
1.000000,0.614692
0.000000,0.041555
0.000000,0.308879
0.000000,0.268248
0.000000,0.155551
1.000000,0.941559
1.000000,0.898102
0.000000,0.613209
1.000000,0.771376
0.000000,0.870551
0.000000,0.075397
0.000000,0.334075
0.000000,0.197697
1.000000,0.928344
1.000000,0.690475
1.000000,0.167134
1.000000,0.158292
1.000000,0.267885
0.000000,0.105894
1.000000,0.978592
1.000000,0.897485
1.000000,0.518138
0.000000,0.680879
1.000000,0.969977
0.000000,0.067030
1.000000,0.893357
1.000000,0.974215
1.000000,0.948592
1.000000,0.956052
1.000000,0.980162
1.000000,0.843450
1.000000,0.277771
0.000000,0.155031
1.000000,0.007795
0.000000,0.377543
1.000000,0.958014
1.000000,0.759205
0.000000,0.398359
0.000000,0.278695
1.000000,0.469239
1.000000,0.960952
0.000000,0.026358
0.000000,0.470229
1.000000,0.940291
1.000000,0.329977
1.000000,0.955844
0.000000,0.374301
0.000000,0.056583
1.000000,0.426679
1.000000,0.855649
0.000000,0.531870
0.000000,0.553054
1.000000,0.663316
0.000000,0.261302
0.000000,0.175662
0.000000,0.375212
0.000000,0.267959
1.000000,0.056980
0.000000,0.472872
1.000000,0.962965
1.000000,0.101145
1.000000,0.348166
1.000000,0.979665
0.000000,0.150804
1.000000,0.286266
0.000000,0.908438
0.000000,0.325004
0.000000,0.469292
1.000000,0.866214
0.000000,0.083166
0.000000,0.265809
0.000000,0.220861
1.000000,0.103846
0.000000,0.916810
0.000000,0.051332
0.000000,0.168843
1.000000,0.277087
0.000000,0.187193
0.000000,0.862804
0.000000,0.022293
0.000000,0.583531
1.000000,0.882783
0.000000,0.548093
0.000000,0.129953
0.000000,0.107411
0.000000,0.117417
0.000000,0.025564
0.000000,0.005168
1.000000,0.135786
1.000000,0.951325
0.000000,0.837591
1.000000,0.082553
1.000000,0.158209
0.000000,0.155879
0.000000,0.283238
0.000000,0.416267
1.000000,0.933837
0.000000,0.089308
0.000000,0.237982
1.000000,0.868803
0.000000,0.326935
1.000000,0.308131
0.000000,0.218241
0.000000,0.320889
0.000000,0.136320
1.000000,0.455320
0.000000,0.137028
0.000000,0.400430
0.000000,0.073591
1.000000,0.604673
1.000000,0.278546
0.000000,0.003990
1.000000,0.849755
1.000000,0.078142
1.000000,0.639664
0.000000,0.761555
0.000000,0.323803
0.000000,0.396749
1.000000,0.734883
1.000000,0.622007
1.000000,0.149754
1.000000,0.191246
0.000000,0.257126
0.000000,0.926278
0.000000,0.470672
0.000000,0.121353
1.000000,0.527343
1.000000,0.148914
1.000000,0.922389
0.000000,0.085795
1.000000,0.782982
0.000000,0.215746
1.000000,0.976013
0.000000,0.502714
0.000000,0.071531
1.000000,0.848193
1.000000,0.654878
0.000000,0.972401
1.000000,0.284962
1.000000,0.826335
1.000000,0.271094
1.000000,0.976077
1.000000,0.270148
1.000000,0.960064
0.000000,0.861651
0.000000,0.072503
0.000000,0.300857
0.000000,0.474007
1.000000,0.183425
0.000000,0.302727
0.000000,0.250357
0.000000,0.375439
1.000000,0.093076
1.000000,0.336227
1.000000,0.985702
0.000000,0.350941
0.000000,0.083228
1.000000,0.979371
0.000000,0.560205
1.000000,0.941179
0.000000,0.389274
1.000000,0.417617
0.000000,0.082941
0.000000,0.220434
1.000000,0.924802
1.000000,0.402802
1.000000,0.790917
1.000000,0.546228
1.000000,0.969286
1.000000,0.985461
0.000000,0.011175
0.000000,0.151943
0.000000,0.138078
0.000000,0.274070
0.000000,0.135246
1.000000,0.808517
0.000000,0.076949
1.000000,0.295738
0.000000,0.962219
0.000000,0.176952
1.000000,0.026004
1.000000,0.365141
0.000000,0.604932
0.000000,0.131703
0.000000,0.017902
0.000000,0.177409
1.000000,0.782082
0.000000,0.105642
0.000000,0.387968
0.000000,0.323958
1.000000,0.310881
1.000000,0.936455
0.000000,0.080409
1.000000,0.678781
0.000000,0.248138
1.000000,0.976461
1.000000,0.779394
0.000000,0.202979
0.000000,0.082926
0.000000,0.809656
1.000000,0.077323
1.000000,0.068644
0.000000,0.120161
0.000000,0.315720
1.000000,0.969233
0.000000,0.075032
1.000000,0.972089
1.000000,0.405410
0.000000,0.123887
0.000000,0.195090
0.000000,0.899232
1.000000,0.342348
1.000000,0.614110
0.000000,0.101950
0.000000,0.126162
0.000000,0.231573
1.000000,0.350757
0.000000,0.115224
0.000000,0.839499
0.000000,0.251328
0.000000,0.363404
0.000000,0.402717
0.000000,0.089351
1.000000,0.951027
1.000000,0.933762
0.000000,0.225306
0.000000,0.959754
0.000000,0.328333
1.000000,0.135182
0.000000,0.462109
0.000000,0.435231
1.000000,0.970241
1.000000,0.450754
0.000000,0.457056
0.000000,0.027289
0.000000,0.054602
0.000000,0.184453
0.000000,0.272619
1.000000,0.577545
1.000000,0.771331
0.000000,0.054098
0.000000,0.177743
1.000000,0.888713
1.000000,0.967132
0.000000,0.305953
1.000000,0.915715
0.000000,0.573915
0.000000,0.636764
0.000000,0.175682
0.000000,0.140934
1.000000,0.975424
0.000000,0.934741
0.000000,0.780931
0.000000,0.924607
1.000000,0.585691
1.000000,0.415073
0.000000,0.217507
0.000000,0.092835
0.000000,0.066278
0.000000,0.229747
1.000000,0.406282
1.000000,0.743672
1.000000,0.504910
1.000000,0.465164
1.000000,0.934249
1.000000,0.857018
0.000000,0.117786
1.000000,0.822858
1.000000,0.409457
1.000000,0.149362
0.000000,0.292740
1.000000,0.961420
0.000000,0.262750
0.000000,0.813631
1.000000,0.831309
1.000000,0.701212
1.000000,0.890979
0.000000,0.203510
0.000000,0.275509
0.000000,0.132383
0.000000,0.097594
1.000000,0.858456
1.000000,0.215294
0.000000,0.321568
1.000000,0.920065
1.000000,0.262155
1.000000,0.020058
0.000000,0.580530
1.000000,0.939525
1.000000,0.990381
1.000000,0.260381
0.000000,0.263909
0.000000,0.154385
0.000000,0.690366
0.000000,0.253679
0.000000,0.771340
1.000000,0.804219
1.000000,0.963534
1.000000,0.951818
1.000000,0.318965
0.000000,0.422059
1.000000,0.817766
1.000000,0.803795
0.000000,0.190130
0.000000,0.075688
1.000000,0.809796
1.000000,0.992423
0.000000,0.420230
1.000000,0.986094
1.000000,0.935996
0.000000,0.811013
1.000000,0.093577
0.000000,0.318012
0.000000,0.277497
1.000000,0.494512
0.000000,0.769966
1.000000,0.766363
1.000000,0.885699
0.000000,0.130318
0.000000,0.243333
0.000000,0.246306
0.000000,0.116011
1.000000,0.787017
1.000000,0.060631
0.000000,0.215292
1.000000,0.889007
0.000000,0.351021
0.000000,0.136874
0.000000,0.146261
1.000000,0.698112
0.000000,0.116834
1.000000,0.974884
1.000000,0.293481
1.000000,0.373423
0.000000,0.230957
1.000000,0.965514
0.000000,0.241278
0.000000,0.248076
0.000000,0.299103
1.000000,0.953815
0.000000,0.453046
0.000000,0.729468
0.000000,0.040695
0.000000,0.344304
1.000000,0.297194
0.000000,0.314173
0.000000,0.141109
1.000000,0.332856
0.000000,0.164029
0.000000,0.983290
1.000000,0.874017
1.000000,0.987495
1.000000,0.085030
1.000000,0.166834
1.000000,0.833636
0.000000,0.098878
0.000000,0.537811
0.000000,0.711434
1.000000,0.184789
1.000000,0.318048
0.000000,0.347399
1.000000,0.251061
1.000000,0.115671
0.000000,0.911251
1.000000,0.279230
0.000000,0.168649
0.000000,0.266380
1.000000,0.532225
0.000000,0.093359
0.000000,0.158360
1.000000,0.788384
1.000000,0.307366
0.000000,0.107098
1.000000,0.480297
1.000000,0.278093
0.000000,0.348230
1.000000,0.589129
0.000000,0.213311
1.000000,0.981383
0.000000,0.076301
1.000000,0.947760
1.000000,0.963217
1.000000,0.837961
1.000000,0.957749
1.000000,0.099662
1.000000,0.975973
1.000000,0.411232
1.000000,0.808018
0.000000,0.067993
0.000000,0.244771
1.000000,0.629544
0.000000,0.223498
0.000000,0.727048
1.000000,0.628418
1.000000,0.591965
1.000000,0.701011
1.000000,0.415687
0.000000,0.055690
1.000000,0.714623
1.000000,0.421948
1.000000,0.899864
0.000000,0.215776
0.000000,0.425787
1.000000,0.717491
0.000000,0.152894
0.000000,0.496250
1.000000,0.703973
1.000000,0.803941
1.000000,0.991479
1.000000,0.604054
0.000000,0.013732
1.000000,0.838442
1.000000,0.412142
1.000000,0.987655
1.000000,0.903080
1.000000,0.312384
0.000000,0.099054
0.000000,0.065730
1.000000,0.515424
0.000000,0.936160
1.000000,0.884683
1.000000,0.388038
0.000000,0.019629
1.000000,0.979626
1.000000,0.209101
1.000000,0.903998
0.000000,0.283667
1.000000,0.500987
1.000000,0.534835
1.000000,0.292352
0.000000,0.089416
0.000000,0.028656
1.000000,0.835052
1.000000,0.951969
1.000000,0.384543
0.000000,0.272110
0.000000,0.182870
1.000000,0.957854
0.000000,0.244184
0.000000,0.030586
1.000000,0.178868
1.000000,0.667207
1.000000,0.927713
0.000000,0.318179
0.000000,0.118378
1.000000,0.414196
1.000000,0.191123
0.000000,0.293447
1.000000,0.969950
1.000000,0.957819
0.000000,0.837201
0.000000,0.053942
1.000000,0.395115
1.000000,0.978164
1.000000,0.953670
1.000000,0.912555
0.000000,0.356332
0.000000,0.326192
0.000000,0.204583
1.000000,0.958591
0.000000,0.310740
1.000000,0.112863
0.000000,0.789403
0.000000,0.189838
0.000000,0.822593
0.000000,0.171812
1.000000,0.599863
0.000000,0.758092
1.000000,0.858023
1.000000,0.314235
0.000000,0.787488
1.000000,0.227566
0.000000,0.565154
0.000000,0.905496
1.000000,0.301385
0.000000,0.458826
1.000000,0.747545
1.000000,0.188343
1.000000,0.973562
0.000000,0.051865
1.000000,0.056456
0.000000,0.147137
0.000000,0.027286
1.000000,0.599809
0.000000,0.154730
0.000000,0.206801
1.000000,0.891311
0.000000,0.283244
0.000000,0.056856
1.000000,0.754493
0.000000,0.343414
1.000000,0.846533
1.000000,0.988452
0.000000,0.162283
1.000000,0.497980
0.000000,0.140542
1.000000,0.966283
0.000000,0.149380
1.000000,0.821079
0.000000,0.881753
0.000000,0.360078
1.000000,0.171932
1.000000,0.753801
1.000000,0.266971
1.000000,0.396958
0.000000,0.969758
1.000000,0.928036
0.000000,0.029350
0.000000,0.028950
0.000000,0.305992
1.000000,0.727853
1.000000,0.963757
0.000000,0.271918
1.000000,0.968184
1.000000,0.934091
0.000000,0.237325
0.000000,0.041385
1.000000,0.441951
0.000000,0.088400
1.000000,0.161666
0.000000,0.668573
0.000000,0.307356
0.000000,0.478280
0.000000,0.634028
0.000000,0.242838
0.000000,0.135810
0.000000,0.161539
1.000000,0.085844
1.000000,0.140848
0.000000,0.041160
1.000000,0.417881
0.000000,0.841261
1.000000,0.121725
1.000000,0.342616
1.000000,0.847068
0.000000,0.376458
0.000000,0.150561
1.000000,0.464233
1.000000,0.950148
1.000000,0.517433
1.000000,0.364138
1.000000,0.166284
0.000000,0.972580
0.000000,0.192595
1.000000,0.775170
1.000000,0.614877
1.000000,0.880430
0.000000,0.414016
0.000000,0.232872
0.000000,0.777936
1.000000,0.750338
1.000000,0.971779
0.000000,0.696097
0.000000,0.069900
0.000000,0.163056
0.000000,0.076787
0.000000,0.122274
0.000000,0.131120
0.000000,0.367018
1.000000,0.367413
1.000000,0.952062
0.000000,0.262375
1.000000,0.490529
0.000000,0.789882
1.000000,0.659864
1.000000,0.661145
0.000000,0.060490
1.000000,0.219968
0.000000,0.014179
0.000000,0.558790
0.000000,0.180384
1.000000,0.433360
0.000000,0.104460
1.000000,0.795721
0.000000,0.785841
0.000000,0.310648
1.000000,0.918580
1.000000,0.230100
1.000000,0.289745
0.000000,0.469166
0.000000,0.201299
0.000000,0.217310
0.000000,0.129453
0.000000,0.117775
0.000000,0.357171
1.000000,0.324268
1.000000,0.699677
0.000000,0.314605
0.000000,0.367747
0.000000,0.034858
1.000000,0.992345
1.000000,0.124499
1.000000,0.962707
1.000000,0.862299
1.000000,0.972479
1.000000,0.910920
0.000000,0.414551
0.000000,0.523914
1.000000,0.185318
0.000000,0.106152
1.000000,0.168740
0.000000,0.174160
0.000000,0.449163
1.000000,0.179717
0.000000,0.146934
0.000000,0.152913
1.000000,0.954439
0.000000,0.858256
0.000000,0.448884
1.000000,0.256942
1.000000,0.113638
0.000000,0.767186
1.000000,0.879376
0.000000,0.874298
0.000000,0.452684
0.000000,0.136507
1.000000,0.947689
1.000000,0.954153
1.000000,0.506857
1.000000,0.278956
1.000000,0.983041
1.000000,0.351029
0.000000,0.017433
0.000000,0.242006
0.000000,0.103703
0.000000,0.916610
0.000000,0.013021
0.000000,0.279587
1.000000,0.501430
1.000000,0.981720
1.000000,0.615767
0.000000,0.193662
0.000000,0.095399
1.000000,0.965412
1.000000,0.915448
0.000000,0.418490
0.000000,0.062752
0.000000,0.083865
1.000000,0.895813
0.000000,0.491964
1.000000,0.659382
1.000000,0.760836
0.000000,0.453479
0.000000,0.176483
0.000000,0.061935
1.000000,0.950829
1.000000,0.079369
0.000000,0.646411
1.000000,0.127732
1.000000,0.318075
0.000000,0.401177
0.000000,0.396373
1.000000,0.308862
0.000000,0.240448
1.000000,0.106665
1.000000,0.869971
1.000000,0.979513
1.000000,0.509823
0.000000,0.346242
0.000000,0.977213
0.000000,0.171599
0.000000,0.375439
0.000000,0.233593
1.000000,0.354696
1.000000,0.985975
0.000000,0.151006
1.000000,0.979976
0.000000,0.334992
0.000000,0.088597
1.000000,0.977024
0.000000,0.164344
0.000000,0.225421
1.000000,0.910757
1.000000,0.965339
0.000000,0.103790
0.000000,0.204006
1.000000,0.073562
0.000000,0.043661
1.000000,0.813731
0.000000,0.054684
1.000000,0.683786
0.000000,0.821355
0.000000,0.350406
0.000000,0.062763
1.000000,0.505537
0.000000,0.457452
0.000000,0.441059
0.000000,0.324459
1.000000,0.238236
1.000000,0.641790
1.000000,0.895977
1.000000,0.361587
1.000000,0.907405
0.000000,0.103934
1.000000,0.585260
0.000000,0.116574
1.000000,0.561186
0.000000,0.925367
0.000000,0.030270
1.000000,0.985962
1.000000,0.383711
1.000000,0.687560
0.000000,0.350109
0.000000,0.203330
0.000000,0.153533
1.000000,0.983002
0.000000,0.136099
1.000000,0.981589
1.000000,0.139372
1.000000,0.643013
0.000000,0.292152
0.000000,0.109547
1.000000,0.800459
0.000000,0.167149
0.000000,0.297561
1.000000,0.815388
0.000000,0.290273
0.000000,0.328329
0.000000,0.907128
0.000000,0.317943
0.000000,0.213462
1.000000,0.952523
1.000000,0.971560
1.000000,0.366031
1.000000,0.494955
0.000000,0.207871
1.000000,0.597328
1.000000,0.153037
0.000000,0.836420
1.000000,0.452741
0.000000,0.080779
0.000000,0.049362
1.000000,0.853882
0.000000,0.154297
1.000000,0.242345
0.000000,0.074398
1.000000,0.730064
0.000000,0.388670
0.000000,0.699602
0.000000,0.675787
0.000000,0.135387
0.000000,0.052836
0.000000,0.053254
0.000000,0.103990
1.000000,0.295958
1.000000,0.854360
1.000000,0.658133
1.000000,0.324068
1.000000,0.935178
1.000000,0.891073
0.000000,0.046944
0.000000,0.655151
1.000000,0.890994
1.000000,0.222720
1.000000,0.706116
0.000000,0.015220
0.000000,0.286544
0.000000,0.657184
1.000000,0.896285
0.000000,0.159063
1.000000,0.937568
0.000000,0.055228
1.000000,0.355425
0.000000,0.386937
0.000000,0.933573
0.000000,0.902210
0.000000,0.113788
0.000000,0.220274
0.000000,0.518323
0.000000,0.148428
0.000000,0.043641
1.000000,0.896363
0.000000,0.235635
0.000000,0.210464
1.000000,0.333640
0.000000,0.084335
0.000000,0.375599
0.000000,0.443926
0.000000,0.288155
0.000000,0.057131
0.000000,0.708128
1.000000,0.352623
1.000000,0.137453
0.000000,0.554799
1.000000,0.532192
0.000000,0.154267
0.000000,0.428144
0.000000,0.089106
1.000000,0.125161
1.000000,0.810046
1.000000,0.552022
1.000000,0.183799
1.000000,0.704323
0.000000,0.180108
0.000000,0.073592
0.000000,0.792303
1.000000,0.140965
0.000000,0.264887
1.000000,0.328212
1.000000,0.783554
0.000000,0.172263
0.000000,0.163835
1.000000,0.501586
1.000000,0.819323
1.000000,0.125267
0.000000,0.038264
0.000000,0.089523
0.000000,0.051819
1.000000,0.475169
0.000000,0.044720
0.000000,0.028768
0.000000,0.201895
1.000000,0.566203
0.000000,0.126826
0.000000,0.766615
0.000000,0.161748
1.000000,0.209023
0.000000,0.108002
0.000000,0.057998
0.000000,0.229725
1.000000,0.956647
0.000000,0.090630
1.000000,0.635678
0.000000,0.091468
0.000000,0.870725
1.000000,0.711108
1.000000,0.473799
0.000000,0.435828
1.000000,0.470094
1.000000,0.940134
1.000000,0.314675
0.000000,0.092847
0.000000,0.240638
0.000000,0.030641
0.000000,0.556551
0.000000,0.082361
1.000000,0.323967
0.000000,0.292336
0.000000,0.252351
1.000000,0.418292
1.000000,0.661518
1.000000,0.300823
0.000000,0.242329
0.000000,0.431308
1.000000,0.804641
0.000000,0.078314
0.000000,0.723229
1.000000,0.672866
0.000000,0.947711
1.000000,0.965291
1.000000,0.252495
1.000000,0.902583
0.000000,0.164344
1.000000,0.990468
0.000000,0.264368
0.000000,0.176106
1.000000,0.992805
1.000000,0.976647
1.000000,0.377734
1.000000,0.961590
1.000000,0.452243
1.000000,0.670834
0.000000,0.096260
1.000000,0.642451
1.000000,0.367483
1.000000,0.520002
0.000000,0.195284
1.000000,0.990781
1.000000,0.981272
1.000000,0.842348
1.000000,0.365243
1.000000,0.356722
1.000000,0.432549
1.000000,0.966962
1.000000,0.973189
0.000000,0.293982
0.000000,0.293563
1.000000,0.316870
1.000000,0.971422
1.000000,0.930872
1.000000,0.873712
1.000000,0.988541
1.000000,0.724491
1.000000,0.912110
0.000000,0.027984
0.000000,0.008663
1.000000,0.892686
0.000000,0.825902
0.000000,0.225228
0.000000,0.137341
1.000000,0.683372
1.000000,0.973364
1.000000,0.513553
1.000000,0.989625
1.000000,0.400561
1.000000,0.287025
1.000000,0.194152
1.000000,0.886756
1.000000,0.957086
0.000000,0.179797
0.000000,0.207613
0.000000,0.604970
0.000000,0.085854
0.000000,0.484773
1.000000,0.038143
0.000000,0.390119
1.000000,0.327039
1.000000,0.977215
1.000000,0.929669
0.000000,0.095631
0.000000,0.710217
0.000000,0.043394
1.000000,0.383912
1.000000,0.804790
1.000000,0.366965
1.000000,0.757898
1.000000,0.055888
0.000000,0.478118
0.000000,0.230383
0.000000,0.401679
1.000000,0.854003
1.000000,0.754325
0.000000,0.033285
1.000000,0.566214
0.000000,0.622125
1.000000,0.672783
1.000000,0.984442
1.000000,0.696775
0.000000,0.015792
1.000000,0.876024
1.000000,0.408886
1.000000,0.954132
1.000000,0.904398
1.000000,0.129628
0.000000,0.413278
1.000000,0.375821
0.000000,0.031089
1.000000,0.468215
0.000000,0.373452
0.000000,0.856856
1.000000,0.868140
1.000000,0.966587
1.000000,0.883299
1.000000,0.731114
1.000000,0.447428
1.000000,0.932316
0.000000,0.544801
0.000000,0.067020
1.000000,0.896874
0.000000,0.805880
0.000000,0.843280
1.000000,0.785491
0.000000,0.177809
1.000000,0.430658
0.000000,0.885980
0.000000,0.212730
0.000000,0.144027
1.000000,0.776935
0.000000,0.169002
1.000000,0.450575
1.000000,0.991447
1.000000,0.091356
1.000000,0.565299
0.000000,0.252636
1.000000,0.958542
0.000000,0.236153
1.000000,0.344006
0.000000,0.919233
0.000000,0.212031
1.000000,0.899697
1.000000,0.796840
1.000000,0.588627
1.000000,0.364853
0.000000,0.628712
1.000000,0.298507
1.000000,0.981876
0.000000,0.372365
1.000000,0.361140
0.000000,0.170100
0.000000,0.076301
0.000000,0.479247
0.000000,0.197435
1.000000,0.419643
1.000000,0.614373
1.000000,0.283173
0.000000,0.202125
0.000000,0.233786
1.000000,0.980555
0.000000,0.151535
1.000000,0.876796
0.000000,0.207104
1.000000,0.730315
0.000000,0.426480
0.000000,0.103732
0.000000,0.839257
1.000000,0.456898
1.000000,0.956516
0.000000,0.139089
0.000000,0.643074
0.000000,0.162641
0.000000,0.352846
0.000000,0.404508
0.000000,0.411108
1.000000,0.480400
1.000000,0.211939
0.000000,0.345426
1.000000,0.822922
0.000000,0.390266
0.000000,0.485750
0.000000,0.228312
0.000000,0.329102
0.000000,0.762557
1.000000,0.947053
0.000000,0.766223
0.000000,0.112727
0.000000,0.215355
1.000000,0.781211
1.000000,0.447301
0.000000,0.145401
1.000000,0.590036
0.000000,0.884564
0.000000,0.176203
1.000000,0.948215
0.000000,0.198812
1.000000,0.975192
1.000000,0.436541
0.000000,0.963652
0.000000,0.888375
1.000000,0.927065
1.000000,0.195478
0.000000,0.455991
1.000000,0.940315
0.000000,0.384953
1.000000,0.192109
0.000000,0.494152
1.000000,0.297610
0.000000,0.273208
1.000000,0.909756
1.000000,0.972786
0.000000,0.603954
0.000000,0.162850
1.000000,0.982611
0.000000,0.131529
1.000000,0.989386
0.000000,0.946239
1.000000,0.458283
0.000000,0.154261
0.000000,0.010825
0.000000,0.076301
0.000000,0.303336
1.000000,0.731038
0.000000,0.193204
0.000000,0.075888
1.000000,0.850126
1.000000,0.434672
0.000000,0.333334
0.000000,0.394938
1.000000,0.417473
1.000000,0.326717
1.000000,0.259800
0.000000,0.750819
0.000000,0.261287
0.000000,0.186511
0.000000,0.334130
1.000000,0.787861
1.000000,0.987268
1.000000,0.906966
1.000000,0.887525
0.000000,0.473120
1.000000,0.972054
1.000000,0.232763
1.000000,0.438368
1.000000,0.315323
0.000000,0.592339
0.000000,0.066845
0.000000,0.144283
1.000000,0.971570
0.000000,0.216415
1.000000,0.980358
1.000000,0.576117
1.000000,0.977831
0.000000,0.116474
0.000000,0.068016
1.000000,0.977736
0.000000,0.016760
1.000000,0.271529
1.000000,0.970552
1.000000,0.928066
1.000000,0.265701
1.000000,0.812757
0.000000,0.378898
1.000000,0.155351
0.000000,0.504989
1.000000,0.962274
1.000000,0.838634
1.000000,0.977185
1.000000,0.986532
1.000000,0.975183
0.000000,0.155874
0.000000,0.077663
1.000000,0.982779
1.000000,0.950630
0.000000,0.920574
1.000000,0.458797
0.000000,0.113036
0.000000,0.146240
1.000000,0.912528
1.000000,0.980069
1.000000,0.101974
1.000000,0.531950
0.000000,0.615434
0.000000,0.880349
0.000000,0.596308
1.000000,0.409956
0.000000,0.891062
0.000000,0.163056
0.000000,0.050117
0.000000,0.662028
1.000000,0.817244
1.000000,0.887436
1.000000,0.968153
0.000000,0.541763
1.000000,0.554320
1.000000,0.537440
0.000000,0.288868
1.000000,0.425767
0.000000,0.637863
1.000000,0.879559
1.000000,0.959247
1.000000,0.983403
1.000000,0.158622
0.000000,0.916220
1.000000,0.797850
0.000000,0.261959
1.000000,0.194545
0.000000,0.929085
0.000000,0.258414
1.000000,0.463285
0.000000,0.163053
0.000000,0.030850
1.000000,0.516043
1.000000,0.707530
0.000000,0.869077
0.000000,0.318222
1.000000,0.263222
0.000000,0.526013
0.000000,0.256568
1.000000,0.722771
0.000000,0.161220
1.000000,0.784856
1.000000,0.606776
1.000000,0.631926
1.000000,0.310373
1.000000,0.834652
1.000000,0.623441
1.000000,0.014886
0.000000,0.730616
1.000000,0.919708
0.000000,0.204982
1.000000,0.948566
1.000000,0.329541
1.000000,0.450444
1.000000,0.778166
1.000000,0.765323
1.000000,0.911708
1.000000,0.709483
1.000000,0.938286
0.000000,0.922680
0.000000,0.003477
0.000000,0.184135
1.000000,0.375038
0.000000,0.024232
1.000000,0.979149
0.000000,0.393151
1.000000,0.403491
0.000000,0.129360
1.000000,0.989081
0.000000,0.192214
0.000000,0.411316
1.000000,0.738096
0.000000,0.391773
0.000000,0.008710
0.000000,0.683727
1.000000,0.236865
0.000000,0.146151
0.000000,0.123493
1.000000,0.897853
1.000000,0.917699
1.000000,0.944842
0.000000,0.229087
1.000000,0.823744
0.000000,0.816728
0.000000,0.185580
1.000000,0.798171
0.000000,0.178849
0.000000,0.268724
1.000000,0.657551
0.000000,0.133564
1.000000,0.877026
0.000000,0.728273
1.000000,0.732302
1.000000,0.500807
1.000000,0.972742
1.000000,0.640168
0.000000,0.252686
0.000000,0.296227
1.000000,0.796694
1.000000,0.875821
0.000000,0.868947
1.000000,0.882039
1.000000,0.629562
1.000000,0.635947
0.000000,0.285961
0.000000,0.400341
1.000000,0.400951
0.000000,0.933599
1.000000,0.225749
1.000000,0.808651
1.000000,0.907070
1.000000,0.800816
0.000000,0.173520
1.000000,0.847644
1.000000,0.917925
1.000000,0.270492
1.000000,0.438317
0.000000,0.165954
1.000000,0.932979
1.000000,0.987688
0.000000,0.339356
1.000000,0.639632
0.000000,0.344309
0.000000,0.360956
1.000000,0.172657
0.000000,0.024664
1.000000,0.791642
0.000000,0.015868
1.000000,0.626869
1.000000,0.960090
0.000000,0.316965
0.000000,0.580689
1.000000,0.993156
1.000000,0.549600
1.000000,0.905850
1.000000,0.755762
1.000000,0.883646
0.000000,0.147638
0.000000,0.828986
0.000000,0.016666
1.000000,0.969020
0.000000,0.268599
1.000000,0.945147
1.000000,0.711516
0.000000,0.812083
0.000000,0.886322
0.000000,0.762826
1.000000,0.962779
0.000000,0.767367
1.000000,0.124118
0.000000,0.174314
1.000000,0.438750
0.000000,0.074505
0.000000,0.336387
0.000000,0.460353
0.000000,0.024486
1.000000,0.226197
1.000000,0.248752
1.000000,0.833146
1.000000,0.988995
1.000000,0.136739
0.000000,0.974089
0.000000,0.820298
1.000000,0.984794
1.000000,0.212746
0.000000,0.468983
1.000000,0.909888
1.000000,0.385926
0.000000,0.383464
0.000000,0.029080
1.000000,0.295942
1.000000,0.762896
0.000000,0.287214
0.000000,0.418773
0.000000,0.039995
1.000000,0.638593
0.000000,0.516068
0.000000,0.478504
0.000000,0.114048
0.000000,0.204625
1.000000,0.950651
0.000000,0.134220
1.000000,0.779091
0.000000,0.615524
1.000000,0.746044
1.000000,0.971316
1.000000,0.161167
1.000000,0.861657
1.000000,0.422918
0.000000,0.131902
1.000000,0.974476
1.000000,0.865131
1.000000,0.238046
1.000000,0.492134
1.000000,0.799847
0.000000,0.566201
1.000000,0.441235
1.000000,0.579988
0.000000,0.926850
1.000000,0.786188
0.000000,0.078299
0.000000,0.083062
1.000000,0.585824
0.000000,0.714013
1.000000,0.832757
0.000000,0.135865
0.000000,0.175590
0.000000,0.022245
0.000000,0.680917
1.000000,0.947078
1.000000,0.539582
1.000000,0.603627
1.000000,0.983328
0.000000,0.254590
1.000000,0.385127
0.000000,0.494152
0.000000,0.291988
1.000000,0.829626
0.000000,0.204915
1.000000,0.901492
1.000000,0.936845
1.000000,0.625278
0.000000,0.198131
1.000000,0.830712
0.000000,0.107096
0.000000,0.038924
0.000000,0.303492
0.000000,0.487640
1.000000,0.261509
1.000000,0.863612
0.000000,0.084511
1.000000,0.961766
0.000000,0.249387
1.000000,0.668137
1.000000,0.211224
0.000000,0.486357
0.000000,0.783288
0.000000,0.261866
0.000000,0.382042
0.000000,0.026873
1.000000,0.907836
0.000000,0.232331
0.000000,0.066855
0.000000,0.186196
1.000000,0.958456
1.000000,0.833611
1.000000,0.983683
0.000000,0.588716
0.000000,0.733288
0.000000,0.980671
0.000000,0.088668
0.000000,0.133589
0.000000,0.374538
1.000000,0.201684
0.000000,0.132535
1.000000,0.974668
0.000000,0.871193
1.000000,0.516140
0.000000,0.539224
0.000000,0.301288
0.000000,0.336899
1.000000,0.210738
1.000000,0.030478
0.000000,0.517954
0.000000,0.281210
0.000000,0.772048
1.000000,0.894598
1.000000,0.113383
1.000000,0.920120
1.000000,0.982551
1.000000,0.987742
1.000000,0.288779
1.000000,0.543875
1.000000,0.063048
1.000000,0.885584
0.000000,0.066768
1.000000,0.481563
0.000000,0.044450
1.000000,0.098701
0.000000,0.073558
1.000000,0.985106
0.000000,0.083542
1.000000,0.412636
1.000000,0.107444
0.000000,0.280891
1.000000,0.951968
0.000000,0.834873
0.000000,0.640128
0.000000,0.033768
1.000000,0.971622
0.000000,0.362290
1.000000,0.236189
0.000000,0.161789
0.000000,0.380774
1.000000,0.529277
1.000000,0.132839
1.000000,0.832971
0.000000,0.462223
1.000000,0.944161
0.000000,0.292809
0.000000,0.785715
0.000000,0.052036
0.000000,0.032077
0.000000,0.245869
0.000000,0.066979
1.000000,0.647403
1.000000,0.254994
0.000000,0.467836
1.000000,0.720554
0.000000,0.157943
0.000000,0.205419
0.000000,0.408606
1.000000,0.631854
0.000000,0.137468
1.000000,0.240194
0.000000,0.174684
1.000000,0.818773
0.000000,0.435070
0.000000,0.093606
1.000000,0.603577
0.000000,0.910641
0.000000,0.895233
0.000000,0.154655
0.000000,0.036697
1.000000,0.956489
0.000000,0.765129
0.000000,0.351458
0.000000,0.208515
0.000000,0.224492
1.000000,0.978568
0.000000,0.569122
0.000000,0.232070
0.000000,0.379199
0.000000,0.106447
0.000000,0.281076
0.000000,0.067271
0.000000,0.058225
0.000000,0.052700
1.000000,0.255072
0.000000,0.030914
1.000000,0.787320
0.000000,0.170592
1.000000,0.954368
0.000000,0.282344
0.000000,0.159353
0.000000,0.166023
1.000000,0.703997
0.000000,0.814035
1.000000,0.966772
0.000000,0.222265
0.000000,0.567784
1.000000,0.592493
1.000000,0.944569
1.000000,0.904407
0.000000,0.108346
0.000000,0.126709
1.000000,0.837511
0.000000,0.426178
0.000000,0.221004
0.000000,0.439454
1.000000,0.749782
1.000000,0.758292
1.000000,0.981291
0.000000,0.946932
1.000000,0.754472
1.000000,0.417610
0.000000,0.615555
0.000000,0.060675
0.000000,0.775092
0.000000,0.226380
0.000000,0.154539
1.000000,0.977362
1.000000,0.679689
0.000000,0.121062
0.000000,0.192753
0.000000,0.448390
1.000000,0.164547
1.000000,0.955940
1.000000,0.846862
0.000000,0.173018
0.000000,0.303290
1.000000,0.520454
0.000000,0.202942
1.000000,0.538621
1.000000,0.727726
1.000000,0.304530
0.000000,0.346857
0.000000,0.083961
0.000000,0.015047
0.000000,0.206141
0.000000,0.041325
1.000000,0.862296
0.000000,0.121201
1.000000,0.979092
1.000000,0.534013
0.000000,0.254740
0.000000,0.125512
1.000000,0.897534
0.000000,0.593599
0.000000,0.091135
0.000000,0.094027
0.000000,0.245088
1.000000,0.975979
1.000000,0.851571
1.000000,0.927061
0.000000,0.119702
1.000000,0.938372
1.000000,0.223070
0.000000,0.350977
1.000000,0.301294
0.000000,0.335053
1.000000,0.957135
1.000000,0.611838
1.000000,0.968363
0.000000,0.879199
1.000000,0.948689
1.000000,0.906764
1.000000,0.971933
1.000000,0.976150
1.000000,0.238196
1.000000,0.565223
1.000000,0.881734
1.000000,0.345786
0.000000,0.484478
1.000000,0.830881
1.000000,0.650924
1.000000,0.765797
1.000000,0.892521
1.000000,0.682174
0.000000,0.125444
1.000000,0.379664
0.000000,0.696716
0.000000,0.211464
0.000000,0.172735
1.000000,0.969408
0.000000,0.212970
1.000000,0.380756
0.000000,0.044450
0.000000,0.079186
0.000000,0.087398
1.000000,0.956523
1.000000,0.973295
0.000000,0.483692
0.000000,0.250650
0.000000,0.046065
0.000000,0.065161
1.000000,0.725626
0.000000,0.366270
1.000000,0.325823
0.000000,0.643204
0.000000,0.312399
1.000000,0.662307
1.000000,0.400663
1.000000,0.795714
1.000000,0.621457
1.000000,0.961526
0.000000,0.312092
1.000000,0.653694
1.000000,0.899933
0.000000,0.337339
1.000000,0.404143
1.000000,0.800931
1.000000,0.970033
0.000000,0.543328
0.000000,0.414138
1.000000,0.374605
0.000000,0.359907
1.000000,0.672088
1.000000,0.704419
0.000000,0.404812
0.000000,0.057718
1.000000,0.652608
1.000000,0.895239
0.000000,0.249142
0.000000,0.977908
0.000000,0.229990
1.000000,0.697779
0.000000,0.217402
1.000000,0.917624
1.000000,0.903128
0.000000,0.736837
1.000000,0.686052
0.000000,0.023435
1.000000,0.391263
0.000000,0.895789
0.000000,0.139829
0.000000,0.111247
0.000000,0.972665
0.000000,0.206264
1.000000,0.968297
1.000000,0.966798
1.000000,0.587969
1.000000,0.940740
0.000000,0.148811
1.000000,0.312395
1.000000,0.593701
0.000000,0.087383
1.000000,0.913279
1.000000,0.968455
1.000000,0.080647
0.000000,0.073036
1.000000,0.816911
1.000000,0.727545
1.000000,0.888335
1.000000,0.356245
0.000000,0.143623
0.000000,0.706788
1.000000,0.967358
0.000000,0.019180
0.000000,0.329311
0.000000,0.119731
0.000000,0.402687
1.000000,0.809397
0.000000,0.276205
0.000000,0.422147
1.000000,0.970501
1.000000,0.981698
1.000000,0.460117
0.000000,0.132211
1.000000,0.217717
0.000000,0.202444
1.000000,0.740464
0.000000,0.610115
1.000000,0.938475
0.000000,0.885980
0.000000,0.202070
1.000000,0.624814
0.000000,0.683741
0.000000,0.338270
0.000000,0.057167
1.000000,0.133770
0.000000,0.786843
0.000000,0.491964
0.000000,0.338157
1.000000,0.017860
0.000000,0.173396
1.000000,0.496384
0.000000,0.098338
1.000000,0.517068
0.000000,0.348912
0.000000,0.242452
0.000000,0.738394
1.000000,0.894253
0.000000,0.459080
1.000000,0.957743
1.000000,0.784203
0.000000,0.180377
1.000000,0.422875
0.000000,0.215215
0.000000,0.518417
1.000000,0.054134
1.000000,0.878665
0.000000,0.795533
1.000000,0.984412
1.000000,0.970325
1.000000,0.894834
1.000000,0.954235
1.000000,0.960913
0.000000,0.689355
0.000000,0.036531
1.000000,0.654986
1.000000,0.981691
0.000000,0.426128
1.000000,0.825546
0.000000,0.017141
1.000000,0.693311
0.000000,0.047116
1.000000,0.230239
1.000000,0.945021
0.000000,0.748833
1.000000,0.697502
0.000000,0.277250
1.000000,0.981517
1.000000,0.977662
1.000000,0.112006
0.000000,0.703043
0.000000,0.209453
0.000000,0.667046
0.000000,0.035895
0.000000,0.129913
0.000000,0.011262
0.000000,0.107909
0.000000,0.151158
1.000000,0.623912
1.000000,0.955715
0.000000,0.163056
0.000000,0.900044
0.000000,0.183605
1.000000,0.954100
1.000000,0.881882
1.000000,0.393646
0.000000,0.203843
0.000000,0.148035
0.000000,0.162472
1.000000,0.963766
1.000000,0.764170
0.000000,0.119664
1.000000,0.518641
0.000000,0.095634
0.000000,0.395553
0.000000,0.475776
0.000000,0.673393
0.000000,0.140172
0.000000,0.474905
1.000000,0.501819
0.000000,0.879199
0.000000,0.448922
0.000000,0.187621
1.000000,0.963909
1.000000,0.449619
1.000000,0.147586
1.000000,0.846179
0.000000,0.059356
1.000000,0.917201
0.000000,0.287117
0.000000,0.509460
1.000000,0.774814
0.000000,0.209629
1.000000,0.061826
1.000000,0.621194
0.000000,0.097201
1.000000,0.021810
1.000000,0.127053
1.000000,0.269609
1.000000,0.359759
0.000000,0.038435
1.000000,0.635312
0.000000,0.418611
0.000000,0.274252
1.000000,0.437533
0.000000,0.357460
1.000000,0.981671
0.000000,0.886079
0.000000,0.302653
1.000000,0.068189
0.000000,0.136641
0.000000,0.362330
1.000000,0.977713
1.000000,0.471908
1.000000,0.512262
0.000000,0.208460
0.000000,0.123241
0.000000,0.931969
0.000000,0.169058
1.000000,0.834698
1.000000,0.589110
0.000000,0.937714
0.000000,0.170285
1.000000,0.984435
0.000000,0.211586
0.000000,0.181793
0.000000,0.155209
1.000000,0.151453
1.000000,0.697141
0.000000,0.426480
0.000000,0.911869
1.000000,0.420253
1.000000,0.927289
0.000000,0.892693
0.000000,0.296093
1.000000,0.922648
1.000000,0.218184
0.000000,0.430584
1.000000,0.776328
1.000000,0.904728
0.000000,0.106692
1.000000,0.151814
1.000000,0.780378
0.000000,0.810163
0.000000,0.298943
1.000000,0.551382
1.000000,0.537277
1.000000,0.202153
1.000000,0.862794
1.000000,0.829509
1.000000,0.510279
0.000000,0.869764
0.000000,0.061081
0.000000,0.584184
0.000000,0.157110
0.000000,0.768340
0.000000,0.484698
1.000000,0.398019
1.000000,0.189171
0.000000,0.280035
1.000000,0.106485
1.000000,0.974731
1.000000,0.433176
1.000000,0.343490
1.000000,0.979169
0.000000,0.206531
0.000000,0.264752
0.000000,0.414975
1.000000,0.866319
0.000000,0.266256
0.000000,0.111970
1.000000,0.920728
1.000000,0.923139
0.000000,0.631650
1.000000,0.880799
0.000000,0.617984
0.000000,0.372932
1.000000,0.055826
0.000000,0.307322
0.000000,0.075623
1.000000,0.856022
0.000000,0.061051
1.000000,0.748738
0.000000,0.602865
1.000000,0.941043
0.000000,0.353913
0.000000,0.455991
0.000000,0.387098
0.000000,0.555818
1.000000,0.552979
0.000000,0.186013
1.000000,0.688882
1.000000,0.245652
1.000000,0.918476
0.000000,0.889997
1.000000,0.969681
0.000000,0.589095
0.000000,0.141861
1.000000,0.839053
0.000000,0.008589
1.000000,0.559824
1.000000,0.638928
1.000000,0.968180
1.000000,0.394725
1.000000,0.103748
0.000000,0.107411
1.000000,0.951755
0.000000,0.078314
1.000000,0.646145
0.000000,0.100891
1.000000,0.883593
0.000000,0.837125
0.000000,0.603349
0.000000,0.115335
1.000000,0.974142
1.000000,0.780593
1.000000,0.431002
1.000000,0.880115
0.000000,0.104178
1.000000,0.698033
0.000000,0.461843
1.000000,0.878182
0.000000,0.694020
0.000000,0.758594
1.000000,0.502344
0.000000,0.145759
1.000000,0.923466
1.000000,0.124418
1.000000,0.607122
0.000000,0.186090
1.000000,0.981880
1.000000,0.753085
0.000000,0.286619
0.000000,0.590370
0.000000,0.048669
1.000000,0.890467
1.000000,0.022457
0.000000,0.313039
1.000000,0.222104
0.000000,0.162149
1.000000,0.444848
0.000000,0.447853
0.000000,0.391310
0.000000,0.336337
1.000000,0.082903
1.000000,0.973242
1.000000,0.537007
0.000000,0.268292
1.000000,0.657038
1.000000,0.975731
1.000000,0.979130
1.000000,0.403380
1.000000,0.426433
1.000000,0.954336
1.000000,0.342543
1.000000,0.382259
1.000000,0.977262
0.000000,0.684971
1.000000,0.982775
1.000000,0.222649
1.000000,0.984139
1.000000,0.803005
0.000000,0.167989
0.000000,0.297177
0.000000,0.518367
1.000000,0.960779
0.000000,0.020542
1.000000,0.765807
1.000000,0.968153
1.000000,0.224405
1.000000,0.894252
1.000000,0.825659
1.000000,0.892303
1.000000,0.706333
0.000000,0.299348
0.000000,0.068034
1.000000,0.671118
1.000000,0.963729
1.000000,0.906972
1.000000,0.819670
0.000000,0.252530
1.000000,0.649043
1.000000,0.528413
0.000000,0.121631
0.000000,0.352020
1.000000,0.860624
1.000000,0.466482
1.000000,0.812282
1.000000,0.192720
0.000000,0.110125
0.000000,0.758338
0.000000,0.290990
0.000000,0.607677
0.000000,0.850368
0.000000,0.435848
1.000000,0.226813
1.000000,0.459235
1.000000,0.177421
1.000000,0.286999
1.000000,0.236090
0.000000,0.041856
0.000000,0.098921
0.000000,0.087856
0.000000,0.035191
0.000000,0.081113
0.000000,0.912020
1.000000,0.362222
1.000000,0.969609
1.000000,0.823902
1.000000,0.781326
0.000000,0.099061
1.000000,0.580806
1.000000,0.431128
0.000000,0.121456
1.000000,0.782597
1.000000,0.974494
0.000000,0.199395
1.000000,0.975727
1.000000,0.730696
1.000000,0.835514
0.000000,0.214879
1.000000,0.634345
0.000000,0.256153
1.000000,0.556730
1.000000,0.513193
1.000000,0.795340
1.000000,0.974476
1.000000,0.872685
1.000000,0.208365
1.000000,0.967626
0.000000,0.168216
0.000000,0.132234
0.000000,0.184665
1.000000,0.289247
1.000000,0.480127
1.000000,0.418955
1.000000,0.630659
0.000000,0.116618
0.000000,0.215450
1.000000,0.441622
0.000000,0.391645
0.000000,0.159061
0.000000,0.047122
1.000000,0.913045
1.000000,0.467571
1.000000,0.905501
1.000000,0.782252
1.000000,0.948420
1.000000,0.640879
0.000000,0.147558
0.000000,0.220211
0.000000,0.160525
0.000000,0.647732
1.000000,0.749015
0.000000,0.706667
0.000000,0.289776
1.000000,0.866516
0.000000,0.317458
1.000000,0.373860
1.000000,0.876734
0.000000,0.150431
0.000000,0.259518
0.000000,0.349593
0.000000,0.396712
0.000000,0.268532
1.000000,0.468879
0.000000,0.159339
1.000000,0.409542
0.000000,0.131217
0.000000,0.417235
1.000000,0.184483
0.000000,0.380044
1.000000,0.776711
1.000000,0.786371
1.000000,0.323230
0.000000,0.245045
0.000000,0.073562
1.000000,0.458407
0.000000,0.309654
1.000000,0.507805
1.000000,0.961015
0.000000,0.118871
0.000000,0.235635
1.000000,0.110890
0.000000,0.158149
1.000000,0.471095
1.000000,0.939384
0.000000,0.455818
0.000000,0.531679
1.000000,0.284711
1.000000,0.340690
1.000000,0.593095
0.000000,0.399965
0.000000,0.090787
1.000000,0.086329
1.000000,0.945013
1.000000,0.832415
1.000000,0.955440
1.000000,0.446820
1.000000,0.970070
1.000000,0.525087
0.000000,0.163787
1.000000,0.384164
1.000000,0.889302
1.000000,0.759382
1.000000,0.122115
1.000000,0.981834
1.000000,0.750810
0.000000,0.418883
0.000000,0.974395
1.000000,0.523325
1.000000,0.687866
1.000000,0.837533
0.000000,0.424932
0.000000,0.112884
0.000000,0.470864
1.000000,0.955894
1.000000,0.723114
1.000000,0.961582
0.000000,0.276264
1.000000,0.967645
1.000000,0.848324
0.000000,0.042351
0.000000,0.794097
1.000000,0.986746
0.000000,0.187344
0.000000,0.494279
0.000000,0.586878
1.000000,0.957813
1.000000,0.555388
0.000000,0.126708
1.000000,0.834787
0.000000,0.399140
0.000000,0.426557
1.000000,0.869491
0.000000,0.814864
0.000000,0.779508
1.000000,0.905890
0.000000,0.011625
0.000000,0.107244
1.000000,0.065309
0.000000,0.177924
0.000000,0.162083
0.000000,0.681565
0.000000,0.097816
0.000000,0.132801
1.000000,0.929706
0.000000,0.179524
1.000000,0.473470
0.000000,0.250648
0.000000,0.534670
1.000000,0.333891
1.000000,0.803084
0.000000,0.384662
1.000000,0.932988
0.000000,0.953129
1.000000,0.212884
0.000000,0.024613
1.000000,0.168214
0.000000,0.264877
0.000000,0.312354
1.000000,0.319354
0.000000,0.140338
0.000000,0.608497
1.000000,0.992082
1.000000,0.562029
0.000000,0.022543
0.000000,0.917461
0.000000,0.795488
0.000000,0.078878
0.000000,0.833500
0.000000,0.034220
1.000000,0.709465
1.000000,0.943008
0.000000,0.036352
1.000000,0.613807
0.000000,0.249521
1.000000,0.981150
0.000000,0.392551
1.000000,0.681674
0.000000,0.321410
0.000000,0.806608
1.000000,0.954633
0.000000,0.750775
1.000000,0.871677
0.000000,0.105182
0.000000,0.762169
0.000000,0.300565
0.000000,0.965217
1.000000,0.455483
1.000000,0.072281
0.000000,0.213559
0.000000,0.984266
1.000000,0.810753
1.000000,0.078114
1.000000,0.566010
1.000000,0.956345
1.000000,0.864958
0.000000,0.082130
0.000000,0.780549
1.000000,0.882205
0.000000,0.603724
1.000000,0.989780
1.000000,0.290938
1.000000,0.923969
0.000000,0.807684
0.000000,0.038379
1.000000,0.946880
1.000000,0.977222
1.000000,0.834994
1.000000,0.892254
0.000000,0.274641
0.000000,0.696412
1.000000,0.970296
1.000000,0.149717
1.000000,0.355149
0.000000,0.040745
0.000000,0.895350
1.000000,0.919283
1.000000,0.805974
0.000000,0.054204
0.000000,0.100314
0.000000,0.019493
0.000000,0.739095
0.000000,0.078924
1.000000,0.134566
0.000000,0.759623
0.000000,0.511204
0.000000,0.297078
0.000000,0.585150
1.000000,0.937831
1.000000,0.954177
0.000000,0.043631
0.000000,0.983052
0.000000,0.678688
0.000000,0.051506
1.000000,0.850666
1.000000,0.926061
0.000000,0.193693
0.000000,0.240138
1.000000,0.988895
0.000000,0.754244
0.000000,0.760257
0.000000,0.176453
0.000000,0.111329
0.000000,0.202668
1.000000,0.133260
0.000000,0.424237
1.000000,0.386871
1.000000,0.286111
1.000000,0.525596
0.000000,0.076263
1.000000,0.990771
1.000000,0.963620
0.000000,0.348291
0.000000,0.578177
1.000000,0.906682
0.000000,0.215454
1.000000,0.275248
1.000000,0.983637
0.000000,0.717629
1.000000,0.646367
1.000000,0.612932
1.000000,0.541218
1.000000,0.603005
0.000000,0.018844
1.000000,0.938267
0.000000,0.110734
1.000000,0.710844
1.000000,0.845642
0.000000,0.155746
1.000000,0.343067
1.000000,0.978498
1.000000,0.989790
0.000000,0.282807
0.000000,0.371553
1.000000,0.758639
1.000000,0.177352
1.000000,0.750627
1.000000,0.373495
0.000000,0.223221
0.000000,0.068517
0.000000,0.414375
1.000000,0.472952
0.000000,0.230479
1.000000,0.966009
0.000000,0.113344
1.000000,0.451934
1.000000,0.950810
1.000000,0.986300
1.000000,0.878584
1.000000,0.957755
0.000000,0.352207
1.000000,0.266145
1.000000,0.630881
0.000000,0.569829
0.000000,0.088462
0.000000,0.312092
0.000000,0.050572
1.000000,0.755748
0.000000,0.048186
1.000000,0.871453
1.000000,0.813137
0.000000,0.734314
1.000000,0.887897
0.000000,0.209455
1.000000,0.602639
0.000000,0.931479
0.000000,0.150122
1.000000,0.880396
1.000000,0.913962
1.000000,0.561678
0.000000,0.455471
1.000000,0.338705
0.000000,0.092979
1.000000,0.973211
1.000000,0.934099
0.000000,0.549509
0.000000,0.704480
0.000000,0.623035
0.000000,0.288423
0.000000,0.223464
0.000000,0.464572
1.000000,0.449812
1.000000,0.671767
0.000000,0.143138
0.000000,0.777443
0.000000,0.814206
1.000000,0.991786
1.000000,0.920109
0.000000,0.271519
0.000000,0.167637
1.000000,0.982555
1.000000,0.175235
1.000000,0.864988
1.000000,0.873781
1.000000,0.357797
0.000000,0.381509
1.000000,0.310027
1.000000,0.952234
0.000000,0.665316
0.000000,0.883863
0.000000,0.031165
0.000000,0.206517
1.000000,0.531208
1.000000,0.639915
1.000000,0.922750
0.000000,0.962304
1.000000,0.963844
0.000000,0.230377
0.000000,0.089661
0.000000,0.141472
0.000000,0.220647
0.000000,0.398755
1.000000,0.898700
1.000000,0.545578
1.000000,0.957695
1.000000,0.129605
0.000000,0.166764
0.000000,0.153141
0.000000,0.172292
0.000000,0.131346
0.000000,0.307323
0.000000,0.064588
1.000000,0.914011
0.000000,0.242900
1.000000,0.482720
1.000000,0.697760
0.000000,0.430851
0.000000,0.280046
0.000000,0.176896
0.000000,0.790738
0.000000,0.581030
0.000000,0.976252
0.000000,0.539400
0.000000,0.157961
1.000000,0.683768
0.000000,0.061001
1.000000,0.289863
0.000000,0.264088
1.000000,0.408028
0.000000,0.641378
0.000000,0.327876
0.000000,0.355666
0.000000,0.338970
1.000000,0.318108
0.000000,0.089009
1.000000,0.413994
0.000000,0.607283
1.000000,0.799801
1.000000,0.988020
1.000000,0.922815
0.000000,0.142397
0.000000,0.304635
1.000000,0.572519
1.000000,0.941892
0.000000,0.903250
0.000000,0.328005
0.000000,0.152007
0.000000,0.904135
0.000000,0.105364
0.000000,0.318008
0.000000,0.257228
0.000000,0.147044
0.000000,0.504825
0.000000,0.343252
0.000000,0.249071
0.000000,0.318656
1.000000,0.989340
1.000000,0.328270
1.000000,0.754765
1.000000,0.976933
1.000000,0.445055
1.000000,0.974589
0.000000,0.321212
0.000000,0.131217
1.000000,0.103309
1.000000,0.599461
0.000000,0.871474
0.000000,0.298640
0.000000,0.015516
0.000000,0.777245
0.000000,0.124203
1.000000,0.036519
0.000000,0.331443
0.000000,0.170567
1.000000,0.983706
1.000000,0.246762
0.000000,0.138350
1.000000,0.284781
0.000000,0.221380
1.000000,0.758581
0.000000,0.288652
0.000000,0.494439
1.000000,0.968987
0.000000,0.228974
0.000000,0.398511
1.000000,0.959856
1.000000,0.483256
0.000000,0.420494
1.000000,0.428901
1.000000,0.752836
1.000000,0.291786
0.000000,0.320516
0.000000,0.105911
0.000000,0.387359
0.000000,0.113009
0.000000,0.015804
0.000000,0.601868
0.000000,0.153932
1.000000,0.926383
1.000000,0.934327
0.000000,0.076119
0.000000,0.199236
0.000000,0.143534
0.000000,0.065126
0.000000,0.225995
0.000000,0.450647
1.000000,0.079102
1.000000,0.325834
0.000000,0.047894
0.000000,0.142463
1.000000,0.912686
0.000000,0.710691
0.000000,0.343848
0.000000,0.369590
0.000000,0.715813
1.000000,0.032486
1.000000,0.947660
0.000000,0.019111
1.000000,0.987810
1.000000,0.835801
0.000000,0.181796
0.000000,0.858272
0.000000,0.597724
0.000000,0.032557
0.000000,0.430244
1.000000,0.972875
0.000000,0.061488
1.000000,0.971004
1.000000,0.743224
1.000000,0.950339
1.000000,0.386254
1.000000,0.804721
0.000000,0.230081
1.000000,0.962247
0.000000,0.066091
1.000000,0.983941
1.000000,0.910908
1.000000,0.538086
0.000000,0.122273
0.000000,0.055914
0.000000,0.263339
1.000000,0.981252
1.000000,0.906524
0.000000,0.235753
1.000000,0.267417
1.000000,0.830160
0.000000,0.270462
0.000000,0.049255
0.000000,0.138959
0.000000,0.338070
1.000000,0.955834
1.000000,0.724745
0.000000,0.196538
1.000000,0.421581
1.000000,0.257681
1.000000,0.710207
0.000000,0.031727
0.000000,0.219641
1.000000,0.512132
1.000000,0.881588
0.000000,0.288897
0.000000,0.944516
1.000000,0.951274
1.000000,0.984434
1.000000,0.470111
1.000000,0.992452
0.000000,0.325036
1.000000,0.951666
1.000000,0.091168
1.000000,0.962206
0.000000,0.199782
0.000000,0.067277
0.000000,0.229957
1.000000,0.935732
1.000000,0.953979
1.000000,0.314050
0.000000,0.561991
0.000000,0.214453
1.000000,0.956924
0.000000,0.406257
1.000000,0.739824
1.000000,0.971212
0.000000,0.295571
0.000000,0.258100
1.000000,0.942266
0.000000,0.052008
1.000000,0.860578
0.000000,0.228816
1.000000,0.124183
0.000000,0.238572
0.000000,0.399592
0.000000,0.063261
0.000000,0.119697
1.000000,0.972343
1.000000,0.129762
0.000000,0.802308
1.000000,0.624703
1.000000,0.659066
0.000000,0.405586
1.000000,0.140336
0.000000,0.497938
0.000000,0.230691
0.000000,0.854370
0.000000,0.075780
0.000000,0.478616
0.000000,0.363258
0.000000,0.528085
1.000000,0.019863
1.000000,0.953654
0.000000,0.013873
1.000000,0.716246
0.000000,0.814573
1.000000,0.904066
0.000000,0.401569
1.000000,0.685588
1.000000,0.724031
0.000000,0.161050
0.000000,0.179504
0.000000,0.278074
0.000000,0.247992
0.000000,0.645541
1.000000,0.656626
1.000000,0.945483
0.000000,0.103542
1.000000,0.982270
1.000000,0.395576
0.000000,0.443783
1.000000,0.202003
1.000000,0.184340
1.000000,0.955056
1.000000,0.047419
1.000000,0.842070
0.000000,0.245065
0.000000,0.085352
0.000000,0.230081
0.000000,0.040782
0.000000,0.009545
0.000000,0.340848
1.000000,0.695102
0.000000,0.979120
1.000000,0.397573
1.000000,0.960708
0.000000,0.018966
0.000000,0.483543
1.000000,0.721385
0.000000,0.495540
1.000000,0.360078
1.000000,0.942387
1.000000,0.157525
0.000000,0.079199
1.000000,0.510222
0.000000,0.120008
1.000000,0.333359
0.000000,0.181861
1.000000,0.406909
0.000000,0.128854
0.000000,0.075619
0.000000,0.813113
0.000000,0.392501
1.000000,0.848540
0.000000,0.357590
1.000000,0.966652
0.000000,0.636038
0.000000,0.597506
1.000000,0.827586
0.000000,0.204160
0.000000,0.351097
1.000000,0.941860
1.000000,0.303843
0.000000,0.570997
1.000000,0.711905
0.000000,0.557753
0.000000,0.166973
1.000000,0.399341
0.000000,0.655863
1.000000,0.915085
0.000000,0.104405
1.000000,0.145997
0.000000,0.253871
1.000000,0.955966
1.000000,0.645740
0.000000,0.196965
1.000000,0.939451
1.000000,0.275095
0.000000,0.139574
0.000000,0.153347
1.000000,0.870408
0.000000,0.272405
1.000000,0.470158
0.000000,0.736837
1.000000,0.902764
1.000000,0.290946
0.000000,0.423973
1.000000,0.753723
1.000000,0.443560
0.000000,0.456886
1.000000,0.676477
1.000000,0.906387
1.000000,0.128910
0.000000,0.058710
0.000000,0.257243
1.000000,0.894050
1.000000,0.347750
0.000000,0.010801
1.000000,0.744757
0.000000,0.302287
1.000000,0.921515
0.000000,0.180687
1.000000,0.989200
0.000000,0.007538
0.000000,0.239620
0.000000,0.343104
0.000000,0.062447
0.000000,0.338231
1.000000,0.488161
1.000000,0.533460
1.000000,0.777927
0.000000,0.438886
0.000000,0.210640
0.000000,0.116732
0.000000,0.154964
0.000000,0.263167
0.000000,0.082794
1.000000,0.918815
1.000000,0.735799
1.000000,0.894506
0.000000,0.134792
0.000000,0.252245
0.000000,0.130078
0.000000,0.865508
1.000000,0.984005
0.000000,0.089178
0.000000,0.105328
0.000000,0.134309
1.000000,0.942239
0.000000,0.958902
0.000000,0.027959
1.000000,0.966189
1.000000,0.176908
1.000000,0.877636
1.000000,0.253301
1.000000,0.889770
0.000000,0.146861
0.000000,0.171529
0.000000,0.664852
0.000000,0.929900
0.000000,0.380682
0.000000,0.105520
1.000000,0.867639
1.000000,0.989481
0.000000,0.285282
0.000000,0.058427
1.000000,0.961479
1.000000,0.958637
0.000000,0.350656
0.000000,0.052106
0.000000,0.102918
1.000000,0.610168
1.000000,0.164230
0.000000,0.180261
0.000000,0.377781
0.000000,0.904798
0.000000,0.293601
1.000000,0.281723
1.000000,0.281161
0.000000,0.407394
1.000000,0.992490
0.000000,0.076568
0.000000,0.286914
0.000000,0.149779
0.000000,0.656742
0.000000,0.188998
1.000000,0.889275
0.000000,0.259968
1.000000,0.957474
1.000000,0.453524
1.000000,0.991216
0.000000,0.097563
1.000000,0.437793
0.000000,0.268434
1.000000,0.675344
1.000000,0.791195
0.000000,0.113949
1.000000,0.990493
0.000000,0.162985
1.000000,0.160773
1.000000,0.962774
1.000000,0.409928
0.000000,0.523258
1.000000,0.991969
1.000000,0.599411
0.000000,0.190702
0.000000,0.905228
0.000000,0.106713
0.000000,0.070304
1.000000,0.970728
1.000000,0.627876
0.000000,0.176427
1.000000,0.342337
0.000000,0.470162
1.000000,0.257943
0.000000,0.720251
1.000000,0.310198
1.000000,0.821623
1.000000,0.927003
1.000000,0.192398
0.000000,0.218430
0.000000,0.185389
1.000000,0.171817
1.000000,0.904655
0.000000,0.310078
0.000000,0.176470
1.000000,0.365367
1.000000,0.213876
1.000000,0.969161
1.000000,0.980785
1.000000,0.163769
0.000000,0.203367
1.000000,0.110588
0.000000,0.148960
0.000000,0.298788
0.000000,0.005919
0.000000,0.815737
1.000000,0.370404
1.000000,0.302139
0.000000,0.080777
1.000000,0.692013
1.000000,0.862197
0.000000,0.144429
0.000000,0.118226
0.000000,0.143094
0.000000,0.614656
0.000000,0.175687
1.000000,0.275323
0.000000,0.217649
0.000000,0.281144
0.000000,0.028844
0.000000,0.296713
1.000000,0.749052
0.000000,0.494633
1.000000,0.252397
0.000000,0.825773
0.000000,0.067626
0.000000,0.794167
0.000000,0.547569
0.000000,0.237589
0.000000,0.118921
0.000000,0.155739
1.000000,0.897151
0.000000,0.857138
1.000000,0.956288
1.000000,0.920890
0.000000,0.858488
